JobTitle,location,State,normalized_salary,work_type,pay_period,DevType
Technical Business Analyst,"Albany, NY",NY,70000.0,CONTRACT,YEARLY,Data or business analyst
Senior Data Engineer/Analyst - Full Time,"California, United States",CA,216320.0,FULL_TIME,HOURLY,Data engineer
Senior Machine Learning Research Engineer,San Francisco Bay Area,CA,250000.0,FULL_TIME,YEARLY,Data scientist or machine learning specialist
Azure Data Engineer (Full Time),"Arlington, VA",VA,120000.0,FULL_TIME,YEARLY,Data engineer
"Senior Data Analyst - Ai Training (Remote, Contract)",United States,Nationwide,114400.0,CONTRACT,HOURLY,Data scientist or machine learning specialist
Business Analyst,"Brooklyn, NY",NY,70833.0,OTHER,YEARLY,Data or business analyst
Data Engineer,United States,Nationwide,110000.0,FULL_TIME,YEARLY,Data engineer
Business Analyst Iii,"Los Angeles, CA",CA,115510.0,FULL_TIME,YEARLY,Data or business analyst
Business Analyst Ii,"Los Angeles, CA",CA,100445.0,FULL_TIME,YEARLY,Data or business analyst
Data Analyst - Expert With Excel,"Auburn Hills, MI",MI,80080.0,CONTRACT,HOURLY,Data or business analyst
Business Analyst,"Greenwood Village, CO",CO,135200.0,CONTRACT,HOURLY,Data or business analyst
Account Executive - Restaurant Tech Ai / Saas Start-Up,New York City Metropolitan Area,NY,82500.0,FULL_TIME,YEARLY,Data scientist or machine learning specialist
Oracle Business Analyst,"Seattle, WA",WA,155000.0,FULL_TIME,YEARLY,Data or business analyst
Data Analyst,"Orlando, FL",FL,83200.0,CONTRACT,HOURLY,Data or business analyst
Research Data Analyst 1 (75% Fte/Hybrid Opportunity),"Stanford, CA",CA,60555.0,PART_TIME,YEARLY,Data or business analyst
Chief Data Engineer,"Reston, VA",VA,199500.0,FULL_TIME,YEARLY,Data engineer
Data Engineer,"McLean, VA",VA,140000.0,FULL_TIME,YEARLY,Data engineer
Data Engineer,"Wayne, PA",PA,135000.0,FULL_TIME,YEARLY,Data engineer
Senior Data Scientist 3 - Nonproliferation,"Richland, WA",WA,177000.0,FULL_TIME,YEARLY,Data scientist or machine learning specialist
Principal Data Scientist,"New York, NY",NY,208000.0,FULL_TIME,YEARLY,Data scientist or machine learning specialist
"Sr. Manager Solutions Architecture - Generative Ai, Aws Startups","Seattle, WA",WA,236800.0,FULL_TIME,YEARLY,Data scientist or machine learning specialist
"Data Scientist, Peopleinsight","Seattle, WA",WA,162200.0,FULL_TIME,YEARLY,Data scientist or machine learning specialist
Business Analyst,United States,Nationwide,90000.0,FULL_TIME,YEARLY,Data or business analyst
Junior Data Scientist/Software Programmer,"Denver, CO",CO,99500.0,FULL_TIME,YEARLY,Data scientist or machine learning specialist
Business Analyst Internship - Summer 2024,"Torrance, CA",CA,80000.0,INTERNSHIP,YEARLY,Data or business analyst
Junior Data Scientist/Java Programmer,"Kirkland, WA",WA,102500.0,FULL_TIME,YEARLY,Data scientist or machine learning specialist
Junior Data Scientist/Software Developer,"Austin, Texas Metropolitan Area",TX,99500.0,FULL_TIME,YEARLY,Data scientist or machine learning specialist
Junior Data Scientist/ Data Engineer,"Virginia, United States",VA,99500.0,FULL_TIME,YEARLY,Data engineer
"Senior Data Engineer - Itp-A, Exempt","Seattle, WA",WA,134919.2,FULL_TIME,HOURLY,Data engineer
Ai/Ml Engineer (Contract) (Hybrid) – 4313,"Irvine, CA",CA,166400.0,FULL_TIME,HOURLY,Data scientist or machine learning specialist
"Vendor Manager, Machine Learning Data Operations, Gtech","Atlanta, GA",GA,122000.0,FULL_TIME,YEARLY,Data scientist or machine learning specialist
Advanced Technology Organization Grid Ai/Ml Lead,"Bothell, WA",WA,218000.0,FULL_TIME,YEARLY,Data scientist or machine learning specialist
Business Analyst,United States,Nationwide,109200.0,FULL_TIME,HOURLY,Data or business analyst
Data Engineer,"Phoenix, AZ",AZ,117500.0,FULL_TIME,YEARLY,Data engineer
Senior Business Analyst,United States,Nationwide,91956.8,FULL_TIME,HOURLY,Data or business analyst
Data Analyst With Marketing Analytics Exp. (1039812),"San Francisco, CA",CA,110240.0,CONTRACT,HOURLY,Data or business analyst
Legal Ai Tutor (Jd Required),United States,Nationwide,187200.0,FULL_TIME,HOURLY,Data scientist or machine learning specialist
Data Analyst,"Etna, OH",OH,55000.0,PART_TIME,YEARLY,Data or business analyst
Medical Ai Tutor (Md Required),United States,Nationwide,187200.0,FULL_TIME,HOURLY,Data scientist or machine learning specialist
Technical Business Analyst,"Bloomington, MN",MN,88000.0,FULL_TIME,YEARLY,Data or business analyst
Product Manager (Ai),"Tampa, FL",FL,130000.0,FULL_TIME,YEARLY,Data scientist or machine learning specialist
Business Analyst,New York City Metropolitan Area,NY,161200.0,CONTRACT,HOURLY,Data or business analyst
Industry Engineer (Gen Ai),"Franksville, WI",WI,43680.0,CONTRACT,HOURLY,Data scientist or machine learning specialist
Business Analyst,United States,Nationwide,147326.4,CONTRACT,HOURLY,Data or business analyst
Data Analyst,"Jacksonville, FL",FL,78000.0,CONTRACT,HOURLY,Data or business analyst
Income And Withholding Tax Data Analyst,"Minneapolis, MN",MN,68328.0,FULL_TIME,HOURLY,Data or business analyst
Business Analyst,"Owings Mills, MD",MD,86320.0,CONTRACT,HOURLY,Data or business analyst
"Architect, Machine Learning, Field Cto","Atlanta, GA",GA,150600.0,FULL_TIME,YEARLY,Data scientist or machine learning specialist
Business Analyst,"Oklahoma City, OK",OK,77500.0,CONTRACT,YEARLY,Data or business analyst
"Senior Strategic Partner Manager, Ai",United States,Nationwide,165000.0,FULL_TIME,YEARLY,Data scientist or machine learning specialist
Data Scientist Or Senior,United States,Nationwide,91650.0,FULL_TIME,YEARLY,Data scientist or machine learning specialist
Sr. Data Engineer,"Stamford, CT",CT,125000.0,FULL_TIME,YEARLY,Data engineer
Principal Ai/Ml Data Scientist,"San Francisco, CA",CA,247750.0,FULL_TIME,YEARLY,Data scientist or machine learning specialist
Machine Learning Engineer,"Springfield, VA",VA,167500.0,FULL_TIME,YEARLY,Data scientist or machine learning specialist
Summer 2023 Audio Ai Intern,"Costa Mesa, CA",CA,49920.0,INTERNSHIP,HOURLY,Data scientist or machine learning specialist
Business Analyst,"Orlando, FL",FL,83200.0,CONTRACT,HOURLY,Data or business analyst
"Ml Engineer L5, Llm Application Frameworks, Machine Learning Platform","Los Gatos, CA",CA,410000.0,FULL_TIME,YEARLY,Data scientist or machine learning specialist
Senior Staff Data Scientist (Remote),"Austin, TX",TX,167500.0,FULL_TIME,YEARLY,Data scientist or machine learning specialist
Domo Data Analyst (Remote),United States,Nationwide,100000.0,FULL_TIME,YEARLY,Data or business analyst
Data Analyst,"Austin, TX",TX,89440.0,CONTRACT,HOURLY,Data or business analyst
"Software Engineer, Machine Learning","Sunnyvale, CA",CA,184000.0,FULL_TIME,YEARLY,Data scientist or machine learning specialist
"Software Engineer, Machine Learning","San Francisco, CA",CA,184000.0,FULL_TIME,YEARLY,Data scientist or machine learning specialist
Senior Machine Learning Engineer,"Madison, WI",WI,140000.0,FULL_TIME,YEARLY,Data scientist or machine learning specialist
Solution Planner - Ai Infrastructure Optical Interconnect,"Boulder County, CO",CO,122240.0,FULL_TIME,YEARLY,Data scientist or machine learning specialist
Senior Ai Scientist,"Seattle, WA",WA,213180.0,FULL_TIME,YEARLY,Data scientist or machine learning specialist
Business Analyst/Product Owner,"No Name, CO",CO,140400.0,CONTRACT,HOURLY,Data or business analyst
Senior Data Scientist,United States,Nationwide,220000.0,FULL_TIME,YEARLY,Data scientist or machine learning specialist
Data Engineer Ii,"New York, NY",NY,100000.0,FULL_TIME,YEARLY,Data engineer
Artificial Intelligence Vice President,"New York, NY",NY,400000.0,FULL_TIME,YEARLY,Data scientist or machine learning specialist
Business Analyst,San Francisco Bay Area,CA,107500.0,FULL_TIME,YEARLY,Data or business analyst
Data Engineer,New York City Metropolitan Area,NY,150000.0,FULL_TIME,YEARLY,Data engineer
Program Manager – Network/Cyber/Ai – Legal Affairs,"Bellevue, WA",WA,104500.0,FULL_TIME,YEARLY,Data scientist or machine learning specialist
Generative Ai Full Stack Architect - Remote,United States,Nationwide,165000.0,FULL_TIME,YEARLY,Data scientist or machine learning specialist
Business Analyst – Manager,"Clayton, NC",NC,110000.0,FULL_TIME,YEARLY,Data or business analyst
Salesforce Business Analyst,"Charlotte, NC",NC,107500.0,FULL_TIME,YEARLY,Data or business analyst
Data Engineer - All Levels,United States,Nationwide,130764.0,FULL_TIME,MONTHLY,Data engineer
Data Scientist - Ts/Sci Hybrid,"Bethesda, MD",MD,174000.0,FULL_TIME,YEARLY,Data scientist or machine learning specialist
"Modeling, Simulation & Training Ai Solution Architect","Orlando, FL",FL,202575.0,FULL_TIME,YEARLY,Data scientist or machine learning specialist
Staff Machine Learning Engineer,United States,Nationwide,162000.0,FULL_TIME,YEARLY,Data scientist or machine learning specialist
"Data Analyst, Energy Efficiency (Hybrid)","Berlin, CT",CT,91000.0,FULL_TIME,YEARLY,Data or business analyst
"【For External Referral - Talent Spotters】Research Scientist For Generative Ai, Multimodal And Llm","San Jose, CA",CA,170900.0,FULL_TIME,YEARLY,Data scientist or machine learning specialist
Data Engineer - Usds,"Los Angeles, CA",CA,138550.0,FULL_TIME,YEARLY,Data engineer
"Staff Data Scientist, Ssp.","San Mateo, CA",CA,204765.5,FULL_TIME,YEARLY,Data scientist or machine learning specialist
Principal Data Engineer,"Mountain View, CA",CA,245000.0,FULL_TIME,YEARLY,Data engineer
"Senior Algorithm, Ai/Ml, Integration Engineer – Usa Remote","Portland, OR",OR,135000.0,FULL_TIME,YEARLY,Data scientist or machine learning specialist
Data Analyst,"Cedar Rapids, IA",IA,141440.0,FULL_TIME,HOURLY,Data or business analyst
"Senior Software Engineer, Ai Developer Tools - Cloud Software",United States,Nationwide,259625.0,FULL_TIME,YEARLY,Data scientist or machine learning specialist
"Senior Distributed Systems Engineer, Ai Infrastructure","Santa Clara, CA",CA,212000.0,FULL_TIME,YEARLY,Data scientist or machine learning specialist
"Director, Alliances Business Development (Ai/Genai)","Armonk, NY",NY,210360.0,FULL_TIME,YEARLY,Data scientist or machine learning specialist
"Principal Data Engineer, Analytics Engineering",United States,Nationwide,215350.0,FULL_TIME,YEARLY,Data engineer
Data Analyst -Aits (Hybrid/Remote),United States,Nationwide,80000.0,FULL_TIME,YEARLY,Data or business analyst
Data Analyst - Remote,United States,Nationwide,137800.0,FULL_TIME,YEARLY,Data or business analyst
Cyber Security Specialist - Data Engineer L4 (Remote),United States,Nationwide,100000.0,FULL_TIME,YEARLY,Data engineer
"Product Marketing Manager, Generative Ai Creative","Menlo Park, CA",CA,125000.0,FULL_TIME,YEARLY,Data scientist or machine learning specialist
Senior Product Manager - Ddos & Ai,United States,Nationwide,205000.0,FULL_TIME,YEARLY,Data scientist or machine learning specialist
Lead Data Engineer - Databricks,United States,Nationwide,160000.0,FULL_TIME,YEARLY,Data engineer
Lead Data Scientist,Atlanta Metropolitan Area,GA,115000.0,FULL_TIME,YEARLY,Data scientist or machine learning specialist
It Business Analyst - Servicenow,"Myrtle Point, OR",OR,82500.0,FULL_TIME,YEARLY,Data or business analyst
Data Analyst/Engineer Techno Functional Analyst (Jersey City) X2,"New Jersey, United States",NJ,135200.0,CONTRACT,HOURLY,Data or business analyst
Technical Business Analyst (Jersey City And Charlotte) X4,"Jersey, NC",NC,141440.0,CONTRACT,HOURLY,Data or business analyst
Business Analyst,Kansas City Metropolitan Area,MO,88400.0,CONTRACT,HOURLY,Data or business analyst
Business Analyst,"LaGrange, GA",GA,57200.0,CONTRACT,HOURLY,Data or business analyst
Business Analyst,"Weehawken, NJ",NJ,101920.0,CONTRACT,HOURLY,Data or business analyst
Mental Health Parity Clinical Operational Data Analyst,"Boston, MA",MA,90000.0,FULL_TIME,YEARLY,Data or business analyst
Data Analyst,New York City Metropolitan Area,NY,92560.0,CONTRACT,HOURLY,Data or business analyst
Data Analyst,"Eden Prairie, MN",MN,112320.0,CONTRACT,HOURLY,Data or business analyst
Senior Business Analyst,"Ohio, United States",OH,119600.0,CONTRACT,HOURLY,Data or business analyst
Senior Data Analyst,"New York, NY",NY,130000.0,TEMPORARY,HOURLY,Data or business analyst
Accounts Receivable Manager / Business Analyst,"Naperville, IL",IL,92500.0,FULL_TIME,YEARLY,Data or business analyst
Data Engineer,"New York, NY",NY,147500.0,FULL_TIME,YEARLY,Data engineer
Corporate Counsel - Global Generative Ai Company,New York City Metropolitan Area,NY,170000.0,FULL_TIME,YEARLY,Data scientist or machine learning specialist
Business Analyst,"Livonia, MI",MI,114400.0,CONTRACT,HOURLY,Data or business analyst
Senior Business Analyst,Raleigh-Durham-Chapel Hill Area,NC,98800.0,CONTRACT,HOURLY,Data or business analyst
Systems/Data Analyst - Sql/Etl,"Durham, NC",NC,124800.0,CONTRACT,HOURLY,Data or business analyst
Business Analyst (Only Usc Or Gc),"Foster City, CA",CA,80080.0,CONTRACT,HOURLY,Data or business analyst
Business Analyst,Atlanta Metropolitan Area,GA,130000.0,CONTRACT,HOURLY,Data or business analyst
Business Analyst Iii,"Atlanta, GA",GA,119600.0,CONTRACT,HOURLY,Data or business analyst
Business Analyst (Figma /Azure Devops),Atlanta Metropolitan Area,GA,119600.0,CONTRACT,HOURLY,Data or business analyst
Senior Business Analyst,"Portland, Oregon Metropolitan Area",OR,130000.0,FULL_TIME,YEARLY,Data or business analyst
Data Engineer,"California, United States",CA,97284.0,FULL_TIME,MONTHLY,Data engineer
Data Analyst,United States,Nationwide,124800.0,CONTRACT,HOURLY,Data or business analyst
Senior Associate Data Engineer - Azure Cloud,"New York, NY",NY,128500.0,FULL_TIME,YEARLY,Data engineer
"Senior Ai Engineer (Open World Game - Combat, Npcs)","El Segundo, CA",CA,195000.0,FULL_TIME,YEARLY,Data scientist or machine learning specialist
Lead Big Data Engineer (No Sponsorship),United States,Nationwide,140400.0,CONTRACT,HOURLY,Data engineer
Senior Data Engineer,"Waukesha, WI",WI,135000.0,FULL_TIME,YEARLY,Data engineer
Information Technology Business Analyst,"Cincinnati, OH",OH,110000.0,FULL_TIME,YEARLY,Data or business analyst
Senior It Business Analyst,"St Paul, MN",MN,114400.0,CONTRACT,HOURLY,Data or business analyst
"Data Analyst (Go-To-Market Team) - Hybrid / Atlanta, Ga","Atlanta, GA",GA,78950.0,FULL_TIME,YEARLY,Data or business analyst
Data Scientist,"Austin, Texas Metropolitan Area",TX,108160.0,CONTRACT,HOURLY,Data scientist or machine learning specialist
Data Scientist Iii,"North Chicago, IL",IL,124800.0,FULL_TIME,HOURLY,Data scientist or machine learning specialist
Data Analyst,"New Albany, OH",OH,87360.0,CONTRACT,HOURLY,Data or business analyst
Machine Learning Data Engineer Specialist,"Seattle, WA",WA,178910.0,FULL_TIME,YEARLY,Data engineer
Data Scientist (Intermediate),"Plano, TX",TX,125990.0,FULL_TIME,YEARLY,Data scientist or machine learning specialist
Data Engineer - 100% Remote - Contract To Hire (W2),United States,Nationwide,156000.0,CONTRACT,HOURLY,Data engineer
Azure Data Engineer,"Weehawken, NJ",NJ,110000.0,FULL_TIME,YEARLY,Data engineer
Intermediate Data Scientist,"Charlottesville, VA",VA,110000.0,FULL_TIME,YEARLY,Data scientist or machine learning specialist
"Senior Engineer, Ai Software Engineering","San Diego, CA",CA,145000.0,FULL_TIME,YEARLY,Data scientist or machine learning specialist
Data Engineer Manager,"Port Washington, NY",NY,103000.0,FULL_TIME,YEARLY,Data engineer
Applied Researcher - Machine Learning,United States,Nationwide,141500.0,FULL_TIME,YEARLY,Data scientist or machine learning specialist
Data Engineer,"Austin, Texas Metropolitan Area",TX,111280.0,CONTRACT,HOURLY,Data engineer
"Generative Ai Engineer, Senior","McLean, VA",VA,158300.0,FULL_TIME,YEARLY,Data scientist or machine learning specialist
"Autonomous Systems And Artificial Intelligence Researcher, Lead","Washington, DC",WA,180050.0,FULL_TIME,YEARLY,Data scientist or machine learning specialist
Data Scientist Lead – Telematics (Remote),"Houston, TX",TX,222545.0,FULL_TIME,YEARLY,Data scientist or machine learning specialist
Data Scientist Lead – Telematics (Remote),"Irving, TX",TX,222545.0,FULL_TIME,YEARLY,Data scientist or machine learning specialist
Data Scientist Lead – Telematics (Remote),"Austin, TX",TX,222545.0,FULL_TIME,YEARLY,Data scientist or machine learning specialist
Medical Data Analyst / Programmer,"New York, NY",NY,82500.0,FULL_TIME,YEARLY,Data or business analyst
Data Engineer Ii,"Bellevue, WA",WA,135200.0,CONTRACT,HOURLY,Data engineer
Machine Learning Engineer,"Santa Clara, CA",CA,195500.0,FULL_TIME,YEARLY,Data scientist or machine learning specialist
Data Scientist - Ai Investment,United States,Nationwide,225000.0,FULL_TIME,YEARLY,Data scientist or machine learning specialist
Lead Data Engineer,"Nashville, TN",TN,167500.0,FULL_TIME,YEARLY,Data engineer
Machine Learning Engineer,New York City Metropolitan Area,NY,100000.0,FULL_TIME,YEARLY,Data scientist or machine learning specialist
Business Analyst,"New York, NY",NY,170000.0,FULL_TIME,YEARLY,Data or business analyst
Data Analyst,"Atlanta, GA",GA,95000.0,FULL_TIME,YEARLY,Data or business analyst
Machine Learning Engineer,"New York, NY",NY,225000.0,FULL_TIME,YEARLY,Data scientist or machine learning specialist
It Business Analyst,"St Paul, MN",MN,109200.0,CONTRACT,HOURLY,Data or business analyst
Lead Data Engineer,"Wilmington, DE",DE,130000.0,CONTRACT,HOURLY,Data engineer
Ai Engineer,"Maine, IL",ME,176800.0,FULL_TIME,HOURLY,Data scientist or machine learning specialist
Business Analyst,Greater St. Louis,MO,98800.0,FULL_TIME,HOURLY,Data or business analyst
Senior Business Analyst,"Paramus, NJ",NJ,148200.0,CONTRACT,HOURLY,Data or business analyst
Information Technology Business Analyst,Charlotte Metro,NC,62.5,CONTRACT,YEARLY,Data or business analyst
Senior Financial Data Analyst,"Boulder, CO",CO,85000.0,FULL_TIME,YEARLY,Data or business analyst
Technical Business Analyst (Vp Level),"Manhattan, NY",NY,195000.0,FULL_TIME,YEARLY,Data or business analyst
Business Analyst,"Chicago, IL",IL,130000.0,CONTRACT,HOURLY,Data or business analyst
"Senior Practice Principal -Data, Analytics, Ai (Us Remote)","Texas, United States",TX,195700.0,FULL_TIME,YEARLY,Data scientist or machine learning specialist
"Senior/Lead Data Analyst, Finance & Strategy","San Francisco, CA",CA,161000.0,FULL_TIME,YEARLY,Data or business analyst
Credit Data Analyst 3 (Remote),"Centennial, CO",CO,129750.0,FULL_TIME,YEARLY,Data or business analyst
Credit Data Analyst 2 (Remote),United States,Nationwide,110750.0,FULL_TIME,YEARLY,Data or business analyst
Enterprise Payments Data Analytics Business Analyst,"Charlotte, NC",NC,151350.0,FULL_TIME,YEARLY,Data or business analyst
Enterprise Payments Data Analytics Business Analyst,"New York, NY",NY,151350.0,FULL_TIME,YEARLY,Data or business analyst
Tiktok Shop - Data Scientist - User Growth,"Seattle, WA",WA,240201.5,FULL_TIME,YEARLY,Data scientist or machine learning specialist
Tiktok Shop - Data Scientist - User Growth,"San Jose, CA",CA,252844.0,FULL_TIME,YEARLY,Data scientist or machine learning specialist
"Machine Learning Engineer, E-Commerce","San Jose, CA",CA,250000.0,FULL_TIME,YEARLY,Data scientist or machine learning specialist
Ai Security Research Scientist Intern - 2024 Phd,"San Jose, CA",CA,60.0,FULL_TIME,YEARLY,Data scientist or machine learning specialist
"Machine Learning Engineer, E-Commerce","Seattle, WA",WA,237500.0,FULL_TIME,YEARLY,Data scientist or machine learning specialist
"Machine Learning Engineer, Search - E-Commerce","Seattle, WA",WA,237500.0,FULL_TIME,YEARLY,Data scientist or machine learning specialist
Senior Business Analyst - Strategy Enablement,"Rancho Cordova, CA",CA,122450.0,FULL_TIME,YEARLY,Data or business analyst
"Machine Learning Engineer, Recommendation - E-Commerce","San Jose, CA",CA,250000.0,FULL_TIME,YEARLY,Data scientist or machine learning specialist
Senior Business Analyst - Strategy Enablement,"Camp Hill, PA",PA,122450.0,FULL_TIME,YEARLY,Data or business analyst
Senior Developer Relationship Manager – Physics Informed Machine Learning,"Santa Clara, CA",CA,259625.0,FULL_TIME,YEARLY,Data scientist or machine learning specialist
"Senior Data Scientist, Developer Experience","Boston, MA",MA,196000.0,FULL_TIME,YEARLY,Data scientist or machine learning specialist
"Senior Data Scientist, Internal Operations","Boston, MA",MA,196000.0,FULL_TIME,YEARLY,Data scientist or machine learning specialist
Machine Learning Compiler Engineer,"Austin, TX",TX,185500.0,FULL_TIME,YEARLY,Data scientist or machine learning specialist
Machine Learning Compiler Engineer,"San Diego, CA",CA,185500.0,FULL_TIME,YEARLY,Data scientist or machine learning specialist
Data Engineer 3: 24-00989,"Austin, TX",TX,112320.0,FULL_TIME,HOURLY,Data engineer
Data Analyst,Cincinnati Metropolitan Area,OH,125000.0,FULL_TIME,YEARLY,Data or business analyst
Nhl Data Scientist,United States,Nationwide,141000.0,FULL_TIME,YEARLY,Data scientist or machine learning specialist
Business Analyst,"Plainsboro, NJ",NJ,135000.0,FULL_TIME,YEARLY,Data or business analyst
Business Analyst,"Jeffersonville, IN",IN,112500.0,FULL_TIME,YEARLY,Data or business analyst
Machine Learning Operations And Data Engineer,"Berkeley, CA",CA,165000.0,FULL_TIME,YEARLY,Data engineer
"Senior Data Engineer, Governance",United States,Nationwide,170000.0,FULL_TIME,YEARLY,Data engineer
Data Analyst 1 - 10315,United States,Nationwide,57200.0,CONTRACT,HOURLY,Data or business analyst
"Vice President - Enterprise Architecture, Ai & Emerging Technologies",United States,Nationwide,210000.0,FULL_TIME,YEARLY,Data scientist or machine learning specialist
Data Analyst,"San Diego, CA",CA,69780.0,FULL_TIME,YEARLY,Data or business analyst
Data Analyst,"Warren, MI",MI,62400.0,CONTRACT,HOURLY,Data or business analyst
Data Analyst,"Roswell, GA",GA,78000.0,CONTRACT,HOURLY,Data or business analyst
Business Analyst,"Atlanta, GA",GA,83200.0,FULL_TIME,HOURLY,Data or business analyst
Business Analyst,"Carson City, NV",NV,69680.0,CONTRACT,HOURLY,Data or business analyst
Senior Data Scientist,"San Luis Obispo County, CA",CA,150000.0,FULL_TIME,YEARLY,Data scientist or machine learning specialist
Data Engineer,United States,Nationwide,6900400.0,PART_TIME,HOURLY,Data engineer
Utility Business Analyst,"Plymouth Meeting, PA",PA,156000.0,CONTRACT,HOURLY,Data or business analyst
Business Analyst Quality Assurance,"Tampa, FL",FL,168480.0,CONTRACT,HOURLY,Data or business analyst
Business Analyst 24-02965,"Wellesley, MA",MA,32.5,CONTRACT,YEARLY,Data or business analyst
Data Analyst (Onsite Role - Only W2),"Plainsboro, NJ",NJ,67600.0,CONTRACT,HOURLY,Data or business analyst
Data Engineer,"San Diego, CA",CA,114400.0,CONTRACT,HOURLY,Data engineer
Data Analyst,"Irvine, CA",CA,55120.0,CONTRACT,HOURLY,Data or business analyst
Sr. Data Engineer _ Nyc,New York City Metropolitan Area,NY,130000.0,FULL_TIME,YEARLY,Data engineer
Data Analyst,"Irvine, CA",CA,56680.0,CONTRACT,HOURLY,Data or business analyst
Financial And Data Analyst – Regulatory Compliance,"Kansas City, MO",MO,62250.0,FULL_TIME,YEARLY,Data or business analyst
Business Analyst (Pricing Strategy),"New York, NY",NY,135200.0,CONTRACT,HOURLY,Data or business analyst
Data Scientist,"Austin, Texas Metropolitan Area",TX,165000.0,FULL_TIME,YEARLY,Data scientist or machine learning specialist
Business Analyst,"Houston, TX",TX,260000.0,CONTRACT,HOURLY,Data or business analyst
Data Analyst,"Purchase, NY",NY,92525.0,FULL_TIME,YEARLY,Data or business analyst
Senior Business Analyst,United States,Nationwide,127500.0,FULL_TIME,YEARLY,Data or business analyst
Lead Data Analyst,"Fairfax County, VA",VA,156000.0,CONTRACT,HOURLY,Data or business analyst
Business Analyst (Level Iii),"Chicago, IL",IL,93600.0,CONTRACT,HOURLY,Data or business analyst
Senior Data Engineer,"Norwalk, CT",CT,177500.0,FULL_TIME,YEARLY,Data engineer
"Data Analyst, Business Intelligence","Garden City, NY",NY,100000.0,FULL_TIME,YEARLY,Data or business analyst
Data Analyst,"San Jose, CA",CA,134160.0,CONTRACT,HOURLY,Data or business analyst
Data Analyst,"Herndon, VA",VA,72500.0,CONTRACT,YEARLY,Data or business analyst
Artificial Intelligence Engineer,United States,Nationwide,156000.0,CONTRACT,HOURLY,Data scientist or machine learning specialist
Data Engineer,"New Jersey, United States",NJ,125000.0,FULL_TIME,YEARLY,Data engineer
Data Analyst,"Washington, DC",WA,103500.0,CONTRACT,YEARLY,Data or business analyst
"Director, Product Management For File, Object, And Ai Storage","Spring, TX",TX,271000.0,FULL_TIME,YEARLY,Data scientist or machine learning specialist
"Staff Data Engineer, Marketing Technology",United States,Nationwide,261100.0,FULL_TIME,YEARLY,Data engineer
Vp Of Marketing-Ai,San Francisco Bay Area,CA,225000.0,FULL_TIME,YEARLY,Data scientist or machine learning specialist
Business Analyst,"New York, NY",NY,72900.0,FULL_TIME,YEARLY,Data or business analyst
Ai Business Development Manager,"Morrisville, NC",NC,146000.0,FULL_TIME,YEARLY,Data scientist or machine learning specialist
Business Analyst (Windchill Plm),United States,Nationwide,110000.0,FULL_TIME,YEARLY,Data or business analyst
Senior Data Scientist,United States,Nationwide,160000.0,FULL_TIME,YEARLY,Data scientist or machine learning specialist
Business Analyst Iv,"Connecticut, United States",CT,118000.0,FULL_TIME,YEARLY,Data or business analyst
Business Analyst Iv,"New York, United States",NY,118000.0,FULL_TIME,YEARLY,Data or business analyst
Cloud Data Analyst,United States,Nationwide,98800.0,CONTRACT,HOURLY,Data or business analyst
Enterprise Ai Experience Mgr,"New York, NY",NY,163250.0,FULL_TIME,YEARLY,Data scientist or machine learning specialist
Data Analyst,"Washington, DC",WA,109103.5,FULL_TIME,YEARLY,Data or business analyst
Senior Business Analyst,"Washington, United States",WA,114400.0,TEMPORARY,HOURLY,Data or business analyst
Business Analyst,"Herndon, VA",VA,133596.0,FULL_TIME,YEARLY,Data or business analyst
"Brand Sales Specialist - Data, Ai & Automation","San Francisco, CA",CA,137000.0,FULL_TIME,YEARLY,Data scientist or machine learning specialist
Data Engineer,United States,Nationwide,126880.0,CONTRACT,HOURLY,Data engineer
Business Analyst Intern,"Minneapolis, MN",MN,44657.6,FULL_TIME,HOURLY,Data or business analyst
Data Analyst,"Seattle, WA",WA,80500.0,FULL_TIME,YEARLY,Data or business analyst
Program Manager (Ai/Ml),"Austin, TX",TX,63.5,CONTRACT,YEARLY,Data scientist or machine learning specialist
Senior Software/Data Engineer,"Beverly Hills, CA",CA,150000.0,FULL_TIME,YEARLY,Data engineer
Data Engineer - Python [74476],"Orlando, FL",FL,118560.0,CONTRACT,HOURLY,Data engineer
Computer Vision/ Machine Learning Engineer,"Los Angeles, CA",CA,145600.0,CONTRACT,HOURLY,Data scientist or machine learning specialist
Artificial Intelligence Engineer - 1929765,United States,Nationwide,145000.0,FULL_TIME,YEARLY,Data scientist or machine learning specialist
Senior Reinsurance Business Analyst,"Schaumburg, IL",IL,120000.0,FULL_TIME,YEARLY,Data or business analyst
"Technical Business Analyst, Security","New York, NY",NY,70000.0,FULL_TIME,YEARLY,Data or business analyst
Clinical Data Analyst,"Greater Orlando, FL",FL,95680.0,CONTRACT,HOURLY,Data or business analyst
Remote Data Scientist,United States,Nationwide,130000.0,CONTRACT,HOURLY,Data scientist or machine learning specialist
Data Analyst,"Orlando, FL",FL,89440.0,CONTRACT,HOURLY,Data or business analyst
"Technical Business Analyst, Finops","New York, NY",NY,70000.0,FULL_TIME,YEARLY,Data or business analyst
Lead Data Engineer,New York City Metropolitan Area,NY,202500.0,FULL_TIME,YEARLY,Data engineer
Gcp Data Engineer,United States,Nationwide,115000.0,CONTRACT,YEARLY,Data engineer
Business Analyst I,"Arizona, United States",AZ,75556.0,FULL_TIME,HOURLY,Data or business analyst
Junior Business Analyst,"Philadelphia, PA",PA,67600.0,CONTRACT,HOURLY,Data or business analyst
Lead Data Scientist,"Davidson, NC",NC,166000.0,FULL_TIME,YEARLY,Data scientist or machine learning specialist
Senior Data Analyst,"San Francisco, CA",CA,119050.0,FULL_TIME,YEARLY,Data or business analyst
Sr. Data Engineer,New York City Metropolitan Area,NY,75.0,CONTRACT,YEARLY,Data engineer
Ai Ml Software Engineer - Artificial Integence / Machine Learning,Greater Seattle Area,WA,200000.0,FULL_TIME,YEARLY,Data scientist or machine learning specialist
Business Data Analyst,"San Diego, CA",CA,133712.8,FULL_TIME,HOURLY,Data or business analyst
Sr. Data Engineer,"Tampa, FL",FL,115000.0,FULL_TIME,YEARLY,Data engineer
Data Scientist/Data Analyst,"Orlando, FL",FL,175760.0,CONTRACT,HOURLY,Data scientist or machine learning specialist
Senior Data Analyst,"Austin, Texas Metropolitan Area",TX,114400.0,FULL_TIME,HOURLY,Data or business analyst
Senior Business Analyst,"Paramus, NJ",NJ,138320.0,CONTRACT,HOURLY,Data or business analyst
Azure Data Engineer,"Atlanta, GA",GA,130000.0,FULL_TIME,YEARLY,Data engineer
Data Engineer,United States,Nationwide,142500.0,FULL_TIME,YEARLY,Data engineer
It Financial Management System And Data Analyst,United States,Nationwide,155000.0,FULL_TIME,YEARLY,Data or business analyst
Director Of Artificial Intelligence,"New York, NY",NY,250000.0,FULL_TIME,YEARLY,Data scientist or machine learning specialist
Sr. Data Analyst Ii (Bi Associate),United States,Nationwide,132256.8,CONTRACT,HOURLY,Data or business analyst
Data Analyst,"Alameda, CA",CA,106225.6,CONTRACT,HOURLY,Data or business analyst
Business Analyst,"New Brunswick, NJ",NJ,99840.0,CONTRACT,HOURLY,Data or business analyst
Salesforce Business Analyst,"Lehi, UT",UT,89000.0,FULL_TIME,YEARLY,Data or business analyst
Data Analyst-Tech Cons-Data And Anltcs-Data Governance And Ctrls-Fso-Manager-Multiple Postns-1499053,"New York, NY",NY,168850.0,FULL_TIME,YEARLY,Data or business analyst
Business Analyst,"Wilmington, DE",DE,130000.0,CONTRACT,HOURLY,Data or business analyst
Computer Vision/ Machine Learning Engineer,"Los Angeles, CA",CA,182000.0,CONTRACT,HOURLY,Data scientist or machine learning specialist
Senior Backend Ai Engineer,"Truckee, CA",CA,125000.0,FULL_TIME,YEARLY,Data scientist or machine learning specialist
Senior Business Analyst,"Texas, United States",TX,84300.0,FULL_TIME,YEARLY,Data or business analyst
Business Analyst Ii (Ui/Ux Design),"Brighton, MI",MI,87360.0,CONTRACT,HOURLY,Data or business analyst
Product Data Analyst,"Portland, Oregon Metropolitan Area",OR,110000.0,FULL_TIME,YEARLY,Data or business analyst
Data Analyst (Visual Basic Application),"Hamilton, NJ",NJ,84300.0,FULL_TIME,YEARLY,Data or business analyst
Bi Data Engineer,United States,Nationwide,137500.0,FULL_TIME,YEARLY,Data engineer
Data Scientist - Interdisciplinary,"Washington, DC",WA,157049.0,FULL_TIME,YEARLY,Data scientist or machine learning specialist
Senior/Staff Machine Learning Engineer,United States,Nationwide,212500.0,FULL_TIME,YEARLY,Data scientist or machine learning specialist
"Proactive Research Business Analyst - Roseville, Ca *","Roseville, CA",CA,72250.0,FULL_TIME,YEARLY,Data or business analyst
Senior Ai Deep Learning Engineer - Remote,United States,Nationwide,147424.0,FULL_TIME,YEARLY,Data scientist or machine learning specialist
Senior Data Engineer,United States,Nationwide,177500.0,FULL_TIME,YEARLY,Data engineer
Machine Learning Engineer,"Louisville, CO",CO,127500.0,FULL_TIME,YEARLY,Data scientist or machine learning specialist
Senior Data Engineer,United States,Nationwide,116150.0,FULL_TIME,YEARLY,Data engineer
Business Analyst,"Mountain View, CA",CA,85000.0,FULL_TIME,YEARLY,Data or business analyst
Business Analyst/Project Coordinator,"Detroit, MI",MI,87360.0,CONTRACT,HOURLY,Data or business analyst
Data Analyst,United States,Nationwide,90000.0,FULL_TIME,YEARLY,Data or business analyst
Senior Data Scientist,"Orlando, FL",FL,145000.0,FULL_TIME,YEARLY,Data scientist or machine learning specialist
Data Engineer-Sql/ Python/ Data Analysis,"Phoenix, AZ",AZ,117500.0,FULL_TIME,YEARLY,Data engineer
"000198 - W2 Only - Data Engineer (Python, React, Hadoop & Cloud)","Plano, TX",TX,140400.0,CONTRACT,HOURLY,Data engineer
"Nmc_000198 - W2 - Data Engineer (React, Python, Hadoop, Cloud))","Ridgefield Park, NJ",NJ,140400.0,CONTRACT,HOURLY,Data engineer
Business Analyst Ii,"Florida, United States",FL,75550.0,FULL_TIME,YEARLY,Data or business analyst
Contract Business Systems Data Analyst (Treasury Focus),"Raleigh, NC",NC,150800.0,CONTRACT,HOURLY,Data or business analyst
Senior Data Engineer,"Sunnyvale, CA",CA,130000.0,CONTRACT,HOURLY,Data engineer
"(W2 Only, C2H)  Senior Aws Data Engineer, Python",United States,Nationwide,156000.0,CONTRACT,HOURLY,Data engineer
Business Analyst Ii,"Detroit, MI",MI,96720.0,CONTRACT,HOURLY,Data or business analyst
Sr. Business Analyst 1,"Irvine, CA",CA,127750.0,FULL_TIME,YEARLY,Data or business analyst
"Principal Product Manager, Confluence Ai","Mountain View, CA",CA,212600.0,FULL_TIME,YEARLY,Data scientist or machine learning specialist
Associate Business Analyst,"Thousand Oaks, CA",CA,70720.0,PART_TIME,HOURLY,Data or business analyst
Sr. Data Engineer,"San Jose, CA",CA,163550.0,FULL_TIME,YEARLY,Data engineer
Senior Data Engineer,"New York, NY",NY,187500.0,FULL_TIME,YEARLY,Data engineer
Data Scientist,"Washington, DC",WA,78665.5,FULL_TIME,YEARLY,Data scientist or machine learning specialist
Data Analyst,"Atlanta, GA",GA,47840.0,CONTRACT,HOURLY,Data or business analyst
Senior Azure Cloud Data Engineer,United States,Nationwide,92000.0,FULL_TIME,YEARLY,Data engineer
Workday Compensation Business Analyst,United States,Nationwide,150000.0,CONTRACT,YEARLY,Data or business analyst
Business Analyst Iv,"Urbana, MD",MD,134451.2,CONTRACT,HOURLY,Data or business analyst
Sr. Operations Data Analyst - Provider - (Sas Required) - Remote,"New York, NY",NY,86500.0,FULL_TIME,YEARLY,Data or business analyst
It Team Lead / Sr. Servicing Product Owner / Sr. Sql Data Analyst  (Onsite Required),"Anaheim, CA",CA,122500.0,FULL_TIME,YEARLY,Data or business analyst
Artificial Intelligence (Ai) College Intern,"Columbus, OH",OH,35900.8,FULL_TIME,HOURLY,Data scientist or machine learning specialist
Data Analyst,"Columbia, SC",SC,61880.0,CONTRACT,HOURLY,Data or business analyst
Nmc_000221 - Data Analyst (W2),"Plano, TX",TX,67600.0,CONTRACT,HOURLY,Data or business analyst
Enterprise Data Engineer,"Washington, DC",WA,145000.0,FULL_TIME,YEARLY,Data engineer
Sr. Sap Sd/Le Business Analyst,"Irvine, CA",CA,127500.0,FULL_TIME,YEARLY,Data or business analyst
Jr. Data Scientist (Hybrid),"McLean, VA",VA,88400.0,FULL_TIME,HOURLY,Data scientist or machine learning specialist
Senior Data Analyst- Scientist,United States,Nationwide,104000.0,FULL_TIME,HOURLY,Data or business analyst
Sr. Healthcare Data Analyst,United States,Nationwide,109465.93,FULL_TIME,YEARLY,Data or business analyst
Sr. Data Scientist (Modeling),"Charlottesville, VA",VA,166700.0,PART_TIME,YEARLY,Data scientist or machine learning specialist
Senior Data Analyst,"Palo Alto, CA",CA,164500.0,FULL_TIME,YEARLY,Data or business analyst
It Business Analyst,"New York, NY",NY,176800.0,FULL_TIME,HOURLY,Data or business analyst
Marketing Data Analyst,"Plano, TX",TX,222650.0,FULL_TIME,YEARLY,Data or business analyst
"Senior Data Scientist, Google Cloud Support","New York, NY",NY,186500.0,FULL_TIME,YEARLY,Data scientist or machine learning specialist
Principal Data Scientist - Statistical Programming,"Emeryville, CA",CA,193500.0,FULL_TIME,YEARLY,Data scientist or machine learning specialist
Sr. Machine Learning Engineer,"Redwood City, CA",CA,170000.0,FULL_TIME,YEARLY,Data scientist or machine learning specialist
Data Analyst,United States,Nationwide,87500.0,FULL_TIME,YEARLY,Data or business analyst
Associate Data Analyst,United States,Nationwide,75000.0,FULL_TIME,YEARLY,Data or business analyst
Master Data Analyst,"Houston, TX",TX,88400.0,FULL_TIME,HOURLY,Data or business analyst
"Senior Manager, Ai Engineering - Marketplace Monetization Ai","Sunnyvale, CA",CA,260000.0,FULL_TIME,YEARLY,Data scientist or machine learning specialist
Jr. Technical Business Analyst,Atlanta Metropolitan Area,GA,81120.0,FULL_TIME,HOURLY,Data or business analyst
Reporting And Data Analyst,United States,Nationwide,72800.0,FULL_TIME,YEARLY,Data or business analyst
Financial Data Analyst,"Minneapolis, MN",MN,85550.0,FULL_TIME,YEARLY,Data or business analyst
Business Data Analyst,"McLean, VA",VA,93600.0,FULL_TIME,HOURLY,Data or business analyst
Data Engineer,"Seattle, WA",WA,125000.0,FULL_TIME,YEARLY,Data engineer
Data Scientist V,"Bernards, NJ",NJ,171600.0,CONTRACT,HOURLY,Data scientist or machine learning specialist
Data Scientist / Ai,"Boston, MA",MA,114400.0,CONTRACT,HOURLY,Data scientist or machine learning specialist
Enterprise Data Engineer (Onsite),"Washington, DC",WA,145000.0,FULL_TIME,YEARLY,Data engineer
Senior Data Engineer,United States,Nationwide,126500.0,FULL_TIME,YEARLY,Data engineer
Business Analyst/Qa - Trading Systems,"New York, NY",NY,150800.0,FULL_TIME,HOURLY,Data or business analyst
Data Analyst (Banking Domain Only),"Jersey City, NJ",NJ,109200.0,CONTRACT,HOURLY,Data or business analyst
Data Analyst,"Getzville, NY",NY,81120.0,CONTRACT,HOURLY,Data or business analyst
Principal Applied Ai Engineer,"New York, NY",NY,197500.0,FULL_TIME,YEARLY,Data scientist or machine learning specialist
Data Engineer I/Ii (Health Network),"Cincinnati, OH",OH,111571.2,FULL_TIME,HOURLY,Data engineer
Data Scientist,United States,Nationwide,140000.0,FULL_TIME,YEARLY,Data scientist or machine learning specialist
Research Data Analyst,"Baltimore, MD",MD,61150.0,PART_TIME,YEARLY,Data or business analyst
Data Engineer,United States,Nationwide,138500.0,FULL_TIME,YEARLY,Data engineer
It Software Business Analyst + Uat (Onsite In Arlington),"Arlington, VA",VA,105000.0,FULL_TIME,YEARLY,Data or business analyst
Data Analyst,"Akron, OH",OH,135200.0,CONTRACT,HOURLY,Data or business analyst
Data Engineer,"Bellevue, WA",WA,130000.0,CONTRACT,HOURLY,Data engineer
Business Analyst,"Jersey City, NJ",NJ,72800.0,CONTRACT,HOURLY,Data or business analyst
Senior Ai Programmer,"Texas, United States",TX,157500.0,FULL_TIME,YEARLY,Data scientist or machine learning specialist
Lead Data Engineer (W2) (Remote),United States,Nationwide,119600.0,CONTRACT,HOURLY,Data engineer
Transformation Data Analyst - Financial Services,"New York, NY",NY,175760.0,CONTRACT,HOURLY,Data or business analyst
Data Analyst,United States,Nationwide,115000.0,FULL_TIME,YEARLY,Data or business analyst
"Data Engineer (Ts/Sci,Python,Elasticsearch) Full Time","Ohio City, OH",OH,94000.0,FULL_TIME,YEARLY,Data engineer
Ai/Ml Engineering Manager,San Francisco Bay Area,CA,190720.0,FULL_TIME,YEARLY,Data scientist or machine learning specialist
Senior Data Analyst,Washington DC-Baltimore Area,DC,85000.0,FULL_TIME,YEARLY,Data or business analyst
Data Analyst,"Chicago, IL",IL,146640.0,CONTRACT,HOURLY,Data or business analyst
"Senior Staff Engineer - Generative Ai(Handson Coding, L7)","San Jose, CA",CA,251100.0,FULL_TIME,YEARLY,Data scientist or machine learning specialist
Data Scientist,Atlanta Metropolitan Area,GA,166400.0,FULL_TIME,HOURLY,Data scientist or machine learning specialist
Business Analyst With Devops,"Seattle, WA",WA,125000.0,FULL_TIME,YEARLY,Data or business analyst
Senior Data Engineer,United States,Nationwide,140000.0,FULL_TIME,YEARLY,Data engineer
Sr. Data Analyst,"Deerfield Beach, FL",FL,145600.0,FULL_TIME,HOURLY,Data or business analyst
Data Analyst,"Huntsville, AL",AL,85000.0,FULL_TIME,YEARLY,Data or business analyst
"Field Solutions Architect Iii, Generative Ai, Public Sector",United States,Nationwide,214000.0,FULL_TIME,YEARLY,Data scientist or machine learning specialist
"Intern, Data Analyst (Projects) Ioao Supply Chain",United States,Nationwide,52000.0,FULL_TIME,HOURLY,Data or business analyst
Supervisory Data Scientist - Technology Transformation Service,"Indiana, United States",IN,157049.0,PART_TIME,YEARLY,Data scientist or machine learning specialist
Sr. Systems Development Eng (Aws Generative Ai & Ml Servers),"Arlington, VA",VA,178100.0,FULL_TIME,YEARLY,Data scientist or machine learning specialist
"Data Engineer , People Analytics, Technology, Operational Excellence Team (Patoe)","Arlington, VA",VA,155650.0,FULL_TIME,YEARLY,Data engineer
"Compiler Engineer Ii - Machine Learning, Annapurna Labs","Austin, TX",TX,169300.0,FULL_TIME,YEARLY,Data scientist or machine learning specialist
Full Time - Financial Business Analyst With Regulatory Reporting Experience,"New Jersey, United States",NJ,52.5,FULL_TIME,YEARLY,Data or business analyst
Data Analyst Strategist & Technology Engineer,United States,Nationwide,130000.0,FULL_TIME,YEARLY,Data or business analyst
Junior Data Scientist/Java Programmer,"Charleston, WV",WV,101000.0,FULL_TIME,YEARLY,Data scientist or machine learning specialist
Data Scientist Ii,"Dayton, OH",OH,185000.0,FULL_TIME,YEARLY,Data scientist or machine learning specialist
Financial Systems Business Analyst-Jr,"McLean, VA",VA,89700.0,FULL_TIME,YEARLY,Data or business analyst
Senior Data Engineer,"New York, New York, United States",NY,132467.5,FULL_TIME,YEARLY,Data engineer
Data Analyst,United States,Nationwide,127500.0,FULL_TIME,YEARLY,Data or business analyst
Data Engineer (D365 F&O) - Up To $130K Base + Benefits Usd - Remote (Usa) - Global Manufacturing Organization,United States,Nationwide,125000.0,FULL_TIME,YEARLY,Data engineer
Ai Prompt Creator,"Menlo Park, CA",CA,72800.0,FULL_TIME,HOURLY,Data scientist or machine learning specialist
Arcgis Data Analyst,"Charlottesville, VA",VA,115650.0,FULL_TIME,YEARLY,Data or business analyst
Data Analyst - Python/Aws (W2) (Remote),United States,Nationwide,98800.0,CONTRACT,HOURLY,Data or business analyst
Data Scientist Ii,"Orlando, FL",FL,182000.0,FULL_TIME,HOURLY,Data scientist or machine learning specialist
Data Scientist (Cybersecurity) - Technology Transformation Service,"Indiana, United States",IN,167818.0,FULL_TIME,YEARLY,Data scientist or machine learning specialist
Senior Business Analyst,"New York, NY",NY,151500.0,FULL_TIME,YEARLY,Data or business analyst
Lead Software Engineer - Ml Infrastructure,"San Francisco, CA",CA,200000.0,FULL_TIME,YEARLY,Data scientist or machine learning specialist
Telesales Business Analyst,United States,Nationwide,75100.0,FULL_TIME,YEARLY,Data or business analyst
"Business Analyst Manager, Visual Innovation Services","New York, United States",NY,163450.0,FULL_TIME,YEARLY,Data or business analyst
"Business Analyst Quality Assurance/Database Tester (Only Local In Phoenix, Az)","Phoenix, AZ",AZ,100713.6,CONTRACT,HOURLY,Data or business analyst
"Data Engineer - Enterprise Data And Analytics, Human Resources Stream","Des Moines, IA",IA,99000.0,FULL_TIME,YEARLY,Data engineer
Data Engineer Ii,"Seattle, WA",WA,168300.0,FULL_TIME,YEARLY,Data engineer
Quality Business Analyst - Nationwide,"Illinois, United States",IL,76000.0,FULL_TIME,YEARLY,Data or business analyst
Quality Business Analyst - Nationwide,"California, United States",CA,76000.0,FULL_TIME,YEARLY,Data or business analyst
"Senior Scientist I, Computational Biology & Machine Learning","South San Francisco, CA",CA,141650.0,FULL_TIME,YEARLY,Data scientist or machine learning specialist
Business Analyst,"Madison, WI",WI,80000.0,FULL_TIME,YEARLY,Data or business analyst
Gen-Ai Full Stack Lead Engineer,"Milwaukee, WI",WI,172900.0,FULL_TIME,YEARLY,Data scientist or machine learning specialist
Lead Machine Learning Engineer,"Indiana, United States",IN,174500.0,FULL_TIME,YEARLY,Data scientist or machine learning specialist
Lead Machine Learning Engineer,"Sun Prairie Town, WI",WI,174500.0,FULL_TIME,YEARLY,Data scientist or machine learning specialist
Staff Data Scientist,"New York, NY",NY,208000.0,FULL_TIME,HOURLY,Data scientist or machine learning specialist
"Language Data Scientist, Artificial General Intelligence (Agi)","Boston, MA",MA,162200.0,FULL_TIME,YEARLY,Data scientist or machine learning specialist
"Senior Data Engineer, Wwde","Seattle, WA",WA,182100.0,FULL_TIME,YEARLY,Data engineer
"Senior Applied Scientist, Conversational Ai Modeling And Learning","Santa Monica, CA",CA,198000.0,FULL_TIME,YEARLY,Data scientist or machine learning specialist
"Senior Solutions Architect - Analytics & Ai, Ags-Namer-Us-Cov-Spec-Sa-Data&Ai-Analytics","Boston, MA",MA,180950.0,FULL_TIME,YEARLY,Data scientist or machine learning specialist
"Sr Data Engineer , Customer Engagement Technology Generative Ai","Seattle, WA",WA,182100.0,FULL_TIME,YEARLY,Data engineer
Machine Learning Engineer,"San Jose, CA",CA,176800.0,CONTRACT,HOURLY,Data scientist or machine learning specialist
Data Scientist,"Boston, MA",MA,139500.0,FULL_TIME,YEARLY,Data scientist or machine learning specialist
Senior Data Engineer,"Bellevue, WA",WA,200000.0,FULL_TIME,YEARLY,Data engineer
Senior Data Scientist,"Menlo Park, CA",CA,171600.0,CONTRACT,HOURLY,Data scientist or machine learning specialist
Sr. Business Analyst,"Oklahoma City, OK",OK,90000.0,FULL_TIME,YEARLY,Data or business analyst
Data Scientist,"Chicago, IL",IL,122500.0,FULL_TIME,YEARLY,Data scientist or machine learning specialist
Lead It Business Analyst - Marketing Data & Analytics,"El Segundo, CA",CA,150500.0,FULL_TIME,YEARLY,Data or business analyst
Senior Data Scientist - Virtual,"Chicago, IL",IL,132500.0,FULL_TIME,YEARLY,Data scientist or machine learning specialist
It Business Analyst - Public Sector Projects,"Columbia, SC",SC,85000.0,FULL_TIME,YEARLY,Data or business analyst
Sr Data Analyst,"Franklin, WI",WI,107400.0,FULL_TIME,YEARLY,Data or business analyst
Business Analyst,"Eagan, MN",MN,102000.0,FULL_TIME,YEARLY,Data or business analyst
Project/Business Analyst-Senior,"Murray, UT",UT,95555.2,FULL_TIME,HOURLY,Data or business analyst
Finance Senior Oracle Fusion Business Analyst,"Maynard, MA",MA,150.0,FULL_TIME,YEARLY,Data or business analyst
Part-Time Administrative Assistant To Exciting Ai Music Focused Start-Up,New York City Metropolitan Area,NY,35000.0,PART_TIME,YEARLY,Data scientist or machine learning specialist
Sr Practice Principal - Data/Analytics/Ai,"Virginia, United States",VA,195700.0,FULL_TIME,YEARLY,Data scientist or machine learning specialist
Sr Business Analyst It Digital Workplace,"Sunnyvale, CA",CA,166150.0,FULL_TIME,YEARLY,Data or business analyst
Data Scientist,"San Diego, CA",CA,121898.4,FULL_TIME,HOURLY,Data scientist or machine learning specialist
Senior Data Scientist,United States,Nationwide,180000.0,FULL_TIME,YEARLY,Data scientist or machine learning specialist
Data Scientist-Fi Solutions,"San Antonio, TX",TX,100000.0,FULL_TIME,YEARLY,Data scientist or machine learning specialist
Clinical Data Scientist,"Waltham, MA",MA,109200.0,CONTRACT,HOURLY,Data scientist or machine learning specialist
Data Analyst – Banking,"Tampa, FL",FL,115000.0,FULL_TIME,YEARLY,Data or business analyst
Senior Data Analyst For Growth,"Cincinnati, OH",OH,100000.0,FULL_TIME,YEARLY,Data or business analyst
Data Analyst,"New York, NY",NY,99840.0,CONTRACT,HOURLY,Data or business analyst
Databricks Cloud Data Engineer,"Richmond, VA",VA,182000.0,CONTRACT,HOURLY,Data engineer
Business Analyst,"Nutley, NJ",NJ,96720.0,CONTRACT,HOURLY,Data or business analyst
Senior Business Analyst,"New York, NY",NY,130000.0,FULL_TIME,YEARLY,Data or business analyst
"Senior Data Engineer , Community Operations","Bellevue, WA",WA,182100.0,FULL_TIME,YEARLY,Data engineer
"Business Analyst Ii, Aws New Regions Data Center Planning","Seattle, WA",WA,101300.0,FULL_TIME,YEARLY,Data or business analyst
Senior Machine Learning Engineer,"California, United States",CA,200000.0,FULL_TIME,YEARLY,Data scientist or machine learning specialist
Data Scientist,"San Jose, CA",CA,150100.0,FULL_TIME,YEARLY,Data scientist or machine learning specialist
Junior Ai/Ml Engineer- 1939207,United States,Nationwide,104000.0,FULL_TIME,YEARLY,Data scientist or machine learning specialist
"Principal Product Manager, Gen Ai","San Francisco, CA",CA,204450.0,FULL_TIME,YEARLY,Data scientist or machine learning specialist
Principal Research Associate – Ai/An And Nhpi - Remote,"Rockville, MD",MD,150000.0,FULL_TIME,YEARLY,Data scientist or machine learning specialist
"Data Analyst, Marketing","Glastonbury, CT",CT,90650.0,FULL_TIME,YEARLY,Data or business analyst
"Data Analyst, Operations","Glastonbury, CT",CT,90650.0,FULL_TIME,YEARLY,Data or business analyst
"Artificial Intelligence Engineer ($225,000 - $300,000)","Washington, United States",WA,262500.0,FULL_TIME,YEARLY,Data scientist or machine learning specialist
Data Analyst - Office Of Institutional Research & Analysis,"St Louis, MO",MO,87600.0,FULL_TIME,YEARLY,Data or business analyst
"Senior Data Scientist, Research","San Bruno, CA",CA,186500.0,FULL_TIME,YEARLY,Data scientist or machine learning specialist
"Senior Product Manager, Machine Learning Frameworks, Google Cloud","Mountain View, CA",CA,210000.0,FULL_TIME,YEARLY,Data scientist or machine learning specialist
"Business Analyst, Senior","Hickam Village, HI",HI,123800.0,FULL_TIME,YEARLY,Data or business analyst
Data Scientist,"Melbourne, FL",FL,180000.0,FULL_TIME,YEARLY,Data scientist or machine learning specialist
Data Analyst (Avp Position),"Tampa, FL",FL,112500.0,FULL_TIME,YEARLY,Data or business analyst
"Software Engineering Manager, Machine Learning, Large Language Models","Mountain View, CA",CA,236500.0,FULL_TIME,YEARLY,Data scientist or machine learning specialist
Business Data Analyst,"Springdale, AR",AR,88400.0,CONTRACT,HOURLY,Data or business analyst
Artificial Intelligence Engineer,"Washington, DC",WA,176800.0,CONTRACT,HOURLY,Data scientist or machine learning specialist
Ai - Machine Learning Architect With Azure,Washington DC-Baltimore Area,DC,176800.0,CONTRACT,HOURLY,Data scientist or machine learning specialist
Senior Data Scientist,"Emeryville, CA",CA,155000.0,FULL_TIME,YEARLY,Data scientist or machine learning specialist
Business Data Analyst,"San Diego, CA",CA,124800.0,TEMPORARY,HOURLY,Data or business analyst
Senior Data Analyst,"Dallas, TX",TX,165450.0,FULL_TIME,YEARLY,Data or business analyst
Junior Business Analyst,"Atlanta, GA",GA,65520.0,CONTRACT,HOURLY,Data or business analyst
Business Analyst E Commerce B2B,"St Charles, IL",IL,110000.0,FULL_TIME,YEARLY,Data or business analyst
Business Analyst Data,"Orlando, FL",FL,145600.0,FULL_TIME,HOURLY,Data or business analyst
Business Analyst,"Monmouth Junction, NJ",NJ,75000.0,FULL_TIME,YEARLY,Data or business analyst
"Data Engineer, Senior With Security Clearance","Fort Belvoir, VA",VA,138800.0,PART_TIME,YEARLY,Data engineer
"It Business Analyst - New Brunswick, Nj","New Brunswick, NJ",NJ,108160.0,FULL_TIME,HOURLY,Data or business analyst
It Business Analyst,"Denver, CO",CO,79100.0,FULL_TIME,YEARLY,Data or business analyst
Data Engineer,United States,Nationwide,125000.0,CONTRACT,YEARLY,Data engineer
Staff Data Engineer - People & Finance Tech (Remote),"Chevy Chase, MD",MD,173250.0,FULL_TIME,YEARLY,Data engineer
Data Scientist I,United States,Nationwide,101000.0,FULL_TIME,YEARLY,Data scientist or machine learning specialist
Data Analyst,"Bellevue, WA",WA,104000.0,CONTRACT,HOURLY,Data or business analyst
"Marketing & Business Analyst – Contract Role For 6 Months+, Hybrid Schedule","Birmingham, AL",AL,101920.0,CONTRACT,HOURLY,Data or business analyst
Data Analyst,"Columbia, South Carolina Metropolitan Area",SC,68640.0,CONTRACT,HOURLY,Data or business analyst
It Business Analyst/Senior It Business Analyst,"Auburn, AL",AL,81550.0,FULL_TIME,YEARLY,Data or business analyst
Data Scientist Intern (Monetization Product And Technology-Strategy And Data Science-Global Data Science-Performance Ads ) - 2024 Off-Cycle (Bs/Ms),"San Jose, CA",CA,45.0,FULL_TIME,YEARLY,Data scientist or machine learning specialist
Data Analyst,"Kearney, MO",MO,90000.0,FULL_TIME,YEARLY,Data or business analyst
"Machine Learning Engineer, Search Ads - Usds","Seattle, WA",WA,143575.0,FULL_TIME,YEARLY,Data scientist or machine learning specialist
It Business Analyst,"Topeka, KS",KS,95000.0,CONTRACT,YEARLY,Data or business analyst
Data Scientist I (Incrementality Measurement Analytics),"Seattle, WA",WA,111750.0,FULL_TIME,YEARLY,Data scientist or machine learning specialist
Sr. Staff Data Scientist,"Dallas, TX",TX,170000.0,FULL_TIME,YEARLY,Data scientist or machine learning specialist
Business Analyst Intern,"Dallas, TX",TX,55120.0,FULL_TIME,HOURLY,Data or business analyst
Generative Ai Instructor,"Baltimore, MD",MD,57200.0,CONTRACT,HOURLY,Data scientist or machine learning specialist
"Senior Machine Learning Scientist, Marketing","Seattle, WA",WA,225000.0,FULL_TIME,YEARLY,Data scientist or machine learning specialist
Actuarial Data Scientist Iii,"Seattle, WA",WA,178750.0,FULL_TIME,YEARLY,Data scientist or machine learning specialist
Data Analyst - Programmer (Department Of Translational Medicine And Human Genetics),"Philadelphia, PA",PA,62702.5,FULL_TIME,YEARLY,Data or business analyst
Data Engineer (Data As A Service),"Atlanta, GA",GA,80000.0,FULL_TIME,YEARLY,Data engineer
R&D Lead Data Scientist,"Cleveland, OH",OH,118318.5,FULL_TIME,YEARLY,Data scientist or machine learning specialist
Sr. Ai Solutions Consultant (Remote),"New York, NY",NY,155500.0,FULL_TIME,YEARLY,Data scientist or machine learning specialist
Tableau Data Analyst - Powerbi And Sharepoint,"Sterling, VA",VA,124575.0,PART_TIME,YEARLY,Data or business analyst
Sr Business Analyst - Remote,"Boston, MA",MA,112500.0,FULL_TIME,YEARLY,Data or business analyst
Data Engineer - Remote,"New York, NY",NY,155000.0,FULL_TIME,YEARLY,Data engineer
Data Engineer - Remote,"Philadelphia, PA",PA,155000.0,FULL_TIME,YEARLY,Data engineer
Data Engineer - Remote,"Phoenix, AZ",AZ,155000.0,FULL_TIME,YEARLY,Data engineer
Data Engineer - Remote,"San Antonio, TX",TX,155000.0,FULL_TIME,YEARLY,Data engineer
Machine Learning Engineer - Remote,"Los Angeles County, CA",CA,170000.0,FULL_TIME,YEARLY,Data scientist or machine learning specialist
Business Analyst,"New York, NY",NY,213200.0,CONTRACT,HOURLY,Data or business analyst
Azure Synapse Data Engineer,United States,Nationwide,130000.0,FULL_TIME,YEARLY,Data engineer
Machine Learning Engineer - Remote,"Chicago, IL",IL,170000.0,FULL_TIME,YEARLY,Data scientist or machine learning specialist
Data Scientist,United States,Nationwide,150000.0,FULL_TIME,YEARLY,Data scientist or machine learning specialist
Data Scientist,"Lexington, KY",KY,74977.0,FULL_TIME,YEARLY,Data scientist or machine learning specialist
Senior Machine Learning Engineer,United States,Nationwide,190000.0,FULL_TIME,YEARLY,Data scientist or machine learning specialist
Business Analyst,"Juno Beach, FL",FL,112320.0,FULL_TIME,HOURLY,Data or business analyst
Business Analyst,United States,Nationwide,81120.0,CONTRACT,HOURLY,Data or business analyst
Support Data Engineer,"Tampa, FL",FL,135200.0,TEMPORARY,HOURLY,Data engineer
Senior Data Engineer,United States,Nationwide,140400.0,CONTRACT,HOURLY,Data engineer
Business Analyst,"Troy, MI",MI,87360.0,FULL_TIME,HOURLY,Data or business analyst
Loans Transformation Data Analyst,"New York, NY",NY,176800.0,TEMPORARY,HOURLY,Data or business analyst
Data Engineer,"Cupertino, CA",CA,130000.0,TEMPORARY,HOURLY,Data engineer
Sr. Data Scientist - Strategic Projects,"New York, NY",NY,105500.0,FULL_TIME,YEARLY,Data scientist or machine learning specialist
Senior Machine Learning Engineer,United States,Nationwide,172150.0,FULL_TIME,YEARLY,Data scientist or machine learning specialist
Sr. Staff Data Analyst - Marketing Analytics,"Arizona, United States",AZ,167500.0,FULL_TIME,YEARLY,Data or business analyst
Lead Data Engineer,"Universal City, CA",CA,150000.0,FULL_TIME,YEARLY,Data engineer
Cde Data Engineer,"Englewood Cliffs, NJ",NJ,117500.0,FULL_TIME,YEARLY,Data engineer
Sr Business Analyst,"Baltimore, MD",MD,85000.0,CONTRACT,YEARLY,Data or business analyst
Ies – Lead Business Analyst (Project Coordinator) Ref. #7594,"Albany, NY",NY,115807.0,FULL_TIME,YEARLY,Data or business analyst
"Consultant, Ai & Analytics",United States,Nationwide,127000.0,FULL_TIME,YEARLY,Data scientist or machine learning specialist
Senior Generative Ai Engineer,"Irvine, CA",CA,192458.5,TEMPORARY,YEARLY,Data scientist or machine learning specialist
"Senior Data Scientist, Llm","San Francisco, CA",CA,232500.0,FULL_TIME,YEARLY,Data scientist or machine learning specialist
Ies Business Analyst (Project Coordinator) Ref. #7601,"Albany, NY",NY,105702.5,FULL_TIME,YEARLY,Data or business analyst
Applied Machine Learning Engineer (East Coast),United States,Nationwide,230000.0,FULL_TIME,YEARLY,Data scientist or machine learning specialist
Machine Learning Engineer Intern,"Poway, CA",CA,55442.5,INTERNSHIP,YEARLY,Data scientist or machine learning specialist
Loan Transformation Data Analyst,"Tampa, FL",FL,156000.0,CONTRACT,HOURLY,Data or business analyst
Manufacturing Business Analyst,"Houston, TX",TX,100000.0,FULL_TIME,YEARLY,Data or business analyst
Data Analyst,"Juno Beach, FL",FL,72800.0,CONTRACT,HOURLY,Data or business analyst
Business Analyst,"Upper Macungie, PA",PA,98800.0,CONTRACT,HOURLY,Data or business analyst
"Machine Learning Engineer, Search Ads - Usds","Mountain View, CA",CA,143575.0,FULL_TIME,YEARLY,Data scientist or machine learning specialist
Senior Data Analyst,"Alpharetta, GA",GA,122850.0,CONTRACT,YEARLY,Data or business analyst
Data Engineer,"San Francisco, CA",CA,185500.0,FULL_TIME,YEARLY,Data engineer
Ai Security Research Scientist,"San Jose, CA",CA,170900.0,FULL_TIME,YEARLY,Data scientist or machine learning specialist
Senior Data Engineer- Python,"Austin, TX",TX,136275.0,FULL_TIME,YEARLY,Data engineer
Financial Data Analyst,"Arlington, VA",VA,95000.0,FULL_TIME,YEARLY,Data or business analyst
Staff Data Engineer,"Foster City, CA",CA,201177.5,FULL_TIME,YEARLY,Data engineer
Business Analyst - Investment Banking,"New York, NY",NY,68550.0,FULL_TIME,YEARLY,Data or business analyst
Senior Business Analyst,"Lewiston, ME",ME,90480.0,FULL_TIME,YEARLY,Data or business analyst
"Data Analyst, Research Solutions",Greater Seattle Area,WA,125000.0,FULL_TIME,YEARLY,Data or business analyst
Senior Data Scientist (Perf. Mgmt & Org. Strategy) (Hybrid Schedule),Los Angeles Metropolitan Area,CA,136900.0,FULL_TIME,YEARLY,Data scientist or machine learning specialist
Digital Engineer Iii (Azure Data Engineer),"Pensacola, FL",FL,135587.5,OTHER,YEARLY,Data engineer
Digital Engineer Iii (Azure Data Engineer),"Vienna, VA",VA,135587.5,OTHER,YEARLY,Data engineer
Data Scientist,"Vienna, VA",VA,114937.5,OTHER,YEARLY,Data scientist or machine learning specialist
Senior Business Analyst,United States,Nationwide,101400.0,FULL_TIME,YEARLY,Data or business analyst
Data Engineer I,"Los Angeles, CA",CA,110000.0,FULL_TIME,YEARLY,Data engineer
Data Scientist,"Pensacola, FL",FL,105200.0,OTHER,YEARLY,Data scientist or machine learning specialist
Ets Engineer Iv - Data Engineer (Ai/Ml/Nlp),"Vienna, VA",VA,163900.0,OTHER,YEARLY,Data engineer
Data Scientist,"Vienna, VA",VA,105200.0,OTHER,YEARLY,Data scientist or machine learning specialist
Data Scientist,"Pensacola, FL",FL,114937.5,OTHER,YEARLY,Data scientist or machine learning specialist
"Data Analyst - Consumer Analytics - Hybrid In Dallas,  Tx","Dallas, TX",TX,136520.80000000002,CONTRACT,HOURLY,Data or business analyst
Applied Machine Learning Research Scientist,"San Jose, CA",CA,220000.0,FULL_TIME,YEARLY,Data scientist or machine learning specialist
Business Analyst,"Fairfax, VA",VA,109150.0,FULL_TIME,YEARLY,Data or business analyst
Senior Business Analyst,"Fairfax, VA",VA,122800.0,FULL_TIME,YEARLY,Data or business analyst
Business Analyst - Intern,"Pittsburgh, PA",PA,45760.0,INTERNSHIP,HOURLY,Data or business analyst
"Intern, Machine Learning","San Francisco, CA",CA,93600.0,INTERNSHIP,HOURLY,Data scientist or machine learning specialist
Aws Data Engineer,"Fairfax, VA",VA,122800.0,FULL_TIME,YEARLY,Data engineer
"Business Analyst, Cultural & Linguistic Department","Commerce, CA",CA,81946.8,FULL_TIME,YEARLY,Data or business analyst
"Vp, Product Management Ai - Gtm","San Francisco, CA",CA,384250.0,FULL_TIME,YEARLY,Data scientist or machine learning specialist
Lead Cloud Online Data Engineer,"Brookfield, WI",WI,148492.5,FULL_TIME,YEARLY,Data engineer
Senior Principal Data Scientist,"Huntsville, AL",AL,174600.0,FULL_TIME,YEARLY,Data scientist or machine learning specialist
Senior Data Analyst,United States,Nationwide,135000.0,FULL_TIME,YEARLY,Data or business analyst
Staff Machine Learning Engineer,United States,Nationwide,165000.0,FULL_TIME,YEARLY,Data scientist or machine learning specialist
Business Analyst Iii - Tableau (Remote),United States,Nationwide,150280.0,FULL_TIME,YEARLY,Data or business analyst
Data Analyst Iv (Remote),United States,Nationwide,120000.0,FULL_TIME,YEARLY,Data or business analyst
Senior Compensation & People Data Analyst,"Austin, TX",TX,128500.0,FULL_TIME,YEARLY,Data or business analyst
"Research Scientist, Ai For Science","San Francisco, CA",CA,175500.0,FULL_TIME,YEARLY,Data scientist or machine learning specialist
"Monetization Technical Program Manager, Ml","Sunnyvale, CA",CA,198500.0,FULL_TIME,YEARLY,Data scientist or machine learning specialist
"Monetization Technical Program Manager, Ml","Bellevue, WA",WA,198500.0,FULL_TIME,YEARLY,Data scientist or machine learning specialist
It Sr Data Engineer Delivery,"Lancaster, PA",PA,125600.0,FULL_TIME,YEARLY,Data engineer
Senior Data Scientist,"Boston, MA",MA,132500.0,FULL_TIME,YEARLY,Data scientist or machine learning specialist
Sr Data Analyst,"Phoenix, AZ",AZ,95000.0,CONTRACT,YEARLY,Data or business analyst
Machine Learning Team Lead - Artificial Intelligence,"New York, NY",NY,300000.0,FULL_TIME,YEARLY,Data scientist or machine learning specialist
Senior Nlp Research Engineer - Artificial Intelligence Group,"New York, NY",NY,212500.0,FULL_TIME,YEARLY,Data scientist or machine learning specialist
Business Analyst,"Houston, TX",TX,88400.0,CONTRACT,HOURLY,Data or business analyst
Senior Language Modeling Engineer - Artificial Intelligence Group,"New York, NY",NY,212500.0,FULL_TIME,YEARLY,Data scientist or machine learning specialist
Data Engineer,New York City Metropolitan Area,NY,175000.0,FULL_TIME,YEARLY,Data engineer
Senior Software Engineer - Artificial Intelligence Group,"New York, NY",NY,200000.0,FULL_TIME,YEARLY,Data scientist or machine learning specialist
Data Analyst (Junior),Washington DC-Baltimore Area,DC,70000.0,FULL_TIME,YEARLY,Data or business analyst
Senior Search Engineer - Artificial Intelligence Group,"New York, NY",NY,200000.0,FULL_TIME,YEARLY,Data scientist or machine learning specialist
Junior Data Analyst,United States,Nationwide,77500.0,FULL_TIME,YEARLY,Data or business analyst
Master Data Analyst,"Creve Coeur, MO",MO,89440.0,CONTRACT,HOURLY,Data or business analyst
Lead Machine Learning Engineer,United States,Nationwide,200000.0,FULL_TIME,YEARLY,Data scientist or machine learning specialist
Data Scientist,"McLean, VA",VA,225000.0,FULL_TIME,YEARLY,Data scientist or machine learning specialist
Energy Policy & Data Analyst,United States,Nationwide,100000.0,FULL_TIME,YEARLY,Data or business analyst
Machine Learning Engineer,"McLean, VA",VA,225000.0,FULL_TIME,YEARLY,Data scientist or machine learning specialist
Artificial Intelligence Engineer,"McLean, VA",VA,225000.0,FULL_TIME,YEARLY,Data scientist or machine learning specialist
Data Engineer / Power Bi Developer,United States,Nationwide,145600.0,CONTRACT,HOURLY,Data engineer
"Product Manager, Generative Ai",United States,Nationwide,162500.0,FULL_TIME,YEARLY,Data scientist or machine learning specialist
Data Analyst Or Data Product Manager (Native Us Citizens Only),"Austin, TX",TX,119600.0,CONTRACT,HOURLY,Data or business analyst
Lead Data Engineer,"New York, NY",NY,156000.0,CONTRACT,HOURLY,Data engineer
Senior Data Engineer,United States,Nationwide,156000.0,CONTRACT,HOURLY,Data engineer
Data Analyst,"Pennsylvania, United States",PA,85280.0,CONTRACT,HOURLY,Data or business analyst
Ai Solutions Architect,New York City Metropolitan Area,NY,175000.0,FULL_TIME,YEARLY,Data scientist or machine learning specialist
Accounting And Business Analyst,"Monroeville, PA",PA,46800.0,FULL_TIME,HOURLY,Data or business analyst
"Managing Director, Data & Ai Business Innovation","New York, NY",NY,293335.0,FULL_TIME,YEARLY,Data scientist or machine learning specialist
Senior Healthcare Data Analyst,United States,Nationwide,91100.0,FULL_TIME,YEARLY,Data or business analyst
Data Scientist,"Birmingham, AL",AL,223600.0,FULL_TIME,HOURLY,Data scientist or machine learning specialist
Data Analyst | Power Bi (Remote),"Irvine, CA",CA,125050.0,FULL_TIME,YEARLY,Data or business analyst
Data Analyst,"West Chester, PA",PA,70000.0,FULL_TIME,YEARLY,Data or business analyst
Sr. Business Analyst,"Troy, MI",MI,118560.0,CONTRACT,HOURLY,Data or business analyst
Junior Ai/Ml Software Engineer,United States,Nationwide,112000.0,FULL_TIME,YEARLY,Data scientist or machine learning specialist
Engineering Leader - Monetization Generative Ai,"San Jose, CA",CA,448500.0,FULL_TIME,YEARLY,Data scientist or machine learning specialist
Sr Data Engineer,"Minneapolis, MN",MN,151873.5,FULL_TIME,YEARLY,Data engineer
"Product Manager - Ai-Driven Video Safety, Trust & Safety, San Francisco","San Francisco, CA",CA,230320.0,FULL_TIME,YEARLY,Data scientist or machine learning specialist
"Product Manager - Ai-Driven Video Safety, Trust & Safety, Seattle","Seattle, WA",WA,218804.0,FULL_TIME,YEARLY,Data scientist or machine learning specialist
"Business Analyst, Retirement & Pension - Consulting","Los Angeles, CA",CA,108850.0,FULL_TIME,YEARLY,Data or business analyst
"Product Manager - Ai-Driven Video Safety, Trust & Safety, San Jose","San Jose, CA",CA,230320.0,FULL_TIME,YEARLY,Data scientist or machine learning specialist
Data Analyst,"Orlando, FL",FL,179920.0,CONTRACT,HOURLY,Data or business analyst
"Senior Business Analyst, Retirement & Pension - Consulting","Los Angeles, CA",CA,140050.0,FULL_TIME,YEARLY,Data or business analyst
Senior Data Analyst,United States,Nationwide,130000.0,FULL_TIME,YEARLY,Data or business analyst
Data Scientist,"Memphis, TN",TN,119550.0,FULL_TIME,YEARLY,Data scientist or machine learning specialist
It Business Analyst,"Brooklyn, OH",OH,132000.0,FULL_TIME,YEARLY,Data or business analyst
Data Engineer Ii,"North Reading, MA",MA,135200.0,CONTRACT,HOURLY,Data engineer
Principal Data Scientist (Credit Risk & Decision Science),"Vienna, VA",VA,163900.0,OTHER,YEARLY,Data scientist or machine learning specialist
